municipio,indicador_id,indicador_nome,df_origem,grupo_censo,n_censos,ano,valor,unidade_medida
Belém,composicaofamiliar__nuclear_casal_c_ou_s_filhos_ou_1_dos_pais_c_f,Nuclear (Casal c/ ou s/ filhos ou 1 dos pais c/ filhos),composicaofamiliar,Grupo 3 — 2 censos,2,2010,65.1,Valor
Belém,composicaofamiliar__nuclear_casal_c_ou_s_filhos_ou_1_dos_pais_c_f,Nuclear (Casal c/ ou s/ filhos ou 1 dos pais c/ filhos),composicaofamiliar,Grupo 3 — 2 censos,2,2022,59.8,Valor
Belém,composicaofamiliar__estendida_nucleo_familiar_outros_parentes,Estendida (Núcleo familiar + outros parentes),composicaofamiliar,Grupo 3 — 2 censos,2,2010,21.2,Valor
Belém,composicaofamiliar__estendida_nucleo_familiar_outros_parentes,Estendida (Núcleo familiar + outros parentes),composicaofamiliar,Grupo 3 — 2 censos,2,2022,17.8,Valor
Belém,composicaofamiliar__unipessoal_pessoa_morando_sozinha,Unipessoal (Pessoa morando sozinha),composicaofamiliar,Grupo 3 — 2 censos,2,2010,9.1,Valor
Belém,composicaofamiliar__unipessoal_pessoa_morando_sozinha,Unipessoal (Pessoa morando sozinha),composicaofamiliar,Grupo 3 — 2 censos,2,2022,16.2,Valor
Belém,composicaofamiliar__composta_inclui_pessoas_sem_parentesco,Composta (Inclui pessoas sem parentesco),composicaofamiliar,Grupo 3 — 2 censos,2,2010,4.6,Valor
Belém,composicaofamiliar__composta_inclui_pessoas_sem_parentesco,Composta (Inclui pessoas sem parentesco),composicaofamiliar,Grupo 3 — 2 censos,2,2022,6.2,Valor
Belém,composicaofamiliar__resp_mulher_sem_conjuge_com_filhos_enteados,Resp. Mulher: Sem cônjuge com filhos/enteados,composicaofamiliar,Grupo 2 — 3 censos,3,2000,22.8,Valor
Belém,composicaofamiliar__resp_mulher_sem_conjuge_com_filhos_enteados,Resp. Mulher: Sem cônjuge com filhos/enteados,composicaofamiliar,Grupo 2 — 3 censos,3,2010,27.5,Valor
Belém,composicaofamiliar__resp_mulher_sem_conjuge_com_filhos_enteados,Resp. Mulher: Sem cônjuge com filhos/enteados,composicaofamiliar,Grupo 2 — 3 censos,3,2022,34.2,Valor
Belém,composicaofamiliar__resp_homem_com_conjuge_e_apenas_filhos_de_amb,Resp. Homem: Com cônjuge e apenas filhos de ambos,composicaofamiliar,Grupo 2 — 3 censos,3,2000,49.8,Valor
Belém,composicaofamiliar__resp_homem_com_conjuge_e_apenas_filhos_de_amb,Resp. Homem: Com cônjuge e apenas filhos de ambos,composicaofamiliar,Grupo 2 — 3 censos,3,2010,41.2,Valor
Belém,composicaofamiliar__resp_homem_com_conjuge_e_apenas_filhos_de_amb,Resp. Homem: Com cônjuge e apenas filhos de ambos,composicaofamiliar,Grupo 2 — 3 censos,3,2022,32.8,Valor
Belém,composicaofamiliar__resp_homem_com_conjuge_sem_filhos,Resp. Homem: Com cônjuge sem filhos,composicaofamiliar,Grupo 2 — 3 censos,3,2000,8.4,Valor
Belém,composicaofamiliar__resp_homem_com_conjuge_sem_filhos,Resp. Homem: Com cônjuge sem filhos,composicaofamiliar,Grupo 2 — 3 censos,3,2010,10.8,Valor
Belém,composicaofamiliar__resp_homem_com_conjuge_sem_filhos,Resp. Homem: Com cônjuge sem filhos,composicaofamiliar,Grupo 2 — 3 censos,3,2022,14.1,Valor
Belém,composicaofamiliar__com_conjuge_de_sexo_diferente,Com cônjuge de sexo diferente,composicaofamiliar,Grupo 3 — 2 censos,2,2010,60.8,Valor
Belém,composicaofamiliar__com_conjuge_de_sexo_diferente,Com cônjuge de sexo diferente,composicaofamiliar,Grupo 3 — 2 censos,2,2022,54.1,Valor
Belém,composicaofamiliar__sem_conjuge,Sem cônjuge,composicaofamiliar,Grupo 3 — 2 censos,2,2010,38.4,Valor
Belém,composicaofamiliar__sem_conjuge,Sem cônjuge,composicaofamiliar,Grupo 3 — 2 censos,2,2022,45.0,Valor
Belém,composicaofamiliar__com_conjuge_de_mesmo_sexo,Com cônjuge de mesmo sexo,composicaofamiliar,Grupo 3 — 2 censos,2,2010,0.8,Valor
Belém,composicaofamiliar__com_conjuge_de_mesmo_sexo,Com cônjuge de mesmo sexo,composicaofamiliar,Grupo 3 — 2 censos,2,2022,0.9,Valor
Belém,composicaofamiliar__responsavel_de_cor_ou_raca_indigena,Responsável de Cor ou Raça Indígena,composicaofamiliar,Grupo 3 — 2 censos,2,2010,3.6,Valor
Belém,composicaofamiliar__responsavel_de_cor_ou_raca_indigena,Responsável de Cor ou Raça Indígena,composicaofamiliar,Grupo 3 — 2 censos,2,2022,3.1,Valor
Belém,composicaofamiliar__responsavel_mulher,Responsável Mulher,composicaofamiliar,Grupo 2 — 3 censos,3,2000,3.7,Valor
Belém,composicaofamiliar__responsavel_mulher,Responsável Mulher,composicaofamiliar,Grupo 2 — 3 censos,3,2010,3.2,Valor
Belém,composicaofamiliar__responsavel_mulher,Responsável Mulher,composicaofamiliar,Grupo 2 — 3 censos,3,2022,2.7,Valor
Belém,composicaofamiliar__responsavel_homem,Responsável Homem,composicaofamiliar,Grupo 2 — 3 censos,3,2000,4.4,Valor
Belém,composicaofamiliar__responsavel_homem,Responsável Homem,composicaofamiliar,Grupo 2 — 3 censos,3,2010,3.5,Valor
Belém,composicaofamiliar__responsavel_homem,Responsável Homem,composicaofamiliar,Grupo 2 — 3 censos,3,2022,3.0,Valor
Belém,composicaofamiliar__responsavel_de_cor_ou_raca_branca,Responsável de Cor ou Raça Branca,composicaofamiliar,Grupo 2 — 3 censos,3,2000,3.9,Valor
Belém,composicaofamiliar__responsavel_de_cor_ou_raca_branca,Responsável de Cor ou Raça Branca,composicaofamiliar,Grupo 2 — 3 censos,3,2010,3.2,Valor
Belém,composicaofamiliar__responsavel_de_cor_ou_raca_branca,Responsável de Cor ou Raça Branca,composicaofamiliar,Grupo 2 — 3 censos,3,2022,2.7,Valor
Belém,composicaofamiliar__domicilios_com_2_moradores,Domicílios com 2 moradores,composicaofamiliar,Grupo 2 — 3 censos,3,2000,16.8,Valor
Belém,composicaofamiliar__domicilios_com_2_moradores,Domicílios com 2 moradores,composicaofamiliar,Grupo 2 — 3 censos,3,2010,21.0,Valor
Belém,composicaofamiliar__domicilios_com_2_moradores,Domicílios com 2 moradores,composicaofamiliar,Grupo 2 — 3 censos,3,2022,26.2,Valor
Belém,composicaofamiliar__domicilios_com_3_moradores,Domicílios com 3 moradores,composicaofamiliar,Grupo 2 — 3 censos,3,2000,18.9,Valor
Belém,composicaofamiliar__domicilios_com_3_moradores,Domicílios com 3 moradores,composicaofamiliar,Grupo 2 — 3 censos,3,2010,22.8,Valor
Belém,composicaofamiliar__domicilios_com_3_moradores,Domicílios com 3 moradores,composicaofamiliar,Grupo 2 — 3 censos,3,2022,26.1,Valor
Belém,composicaofamiliar__domicilios_com_5_ou_mais_moradores,Domicílios com 5 ou mais moradores,composicaofamiliar,Grupo 2 — 3 censos,3,2000,40.2,Valor
Belém,composicaofamiliar__domicilios_com_5_ou_mais_moradores,Domicílios com 5 ou mais moradores,composicaofamiliar,Grupo 2 — 3 censos,3,2010,23.8,Valor
Belém,composicaofamiliar__domicilios_com_5_ou_mais_moradores,Domicílios com 5 ou mais moradores,composicaofamiliar,Grupo 2 — 3 censos,3,2022,14.2,Valor
Belém,deslocamento__trabalha_no_proprio_municipio_de_residencia,Trabalha no próprio município de residência,deslocamento,Grupo 3 — 2 censos,2,2010,78.4,Valor
Belém,deslocamento__trabalha_no_proprio_municipio_de_residencia,Trabalha no próprio município de residência,deslocamento,Grupo 3 — 2 censos,2,2022,74.2,Valor
Belém,deslocamento__trabalha_em_casa_ou_na_propriedade,Trabalha em casa ou na propriedade,deslocamento,Grupo 3 — 2 censos,2,2010,7.8,Valor
Belém,deslocamento__trabalha_em_casa_ou_na_propriedade,Trabalha em casa ou na propriedade,deslocamento,Grupo 3 — 2 censos,2,2022,10.5,Valor
Belém,deslocamento__trabalha_em_outro_municipio,Trabalha em outro município,deslocamento,Grupo 3 — 2 censos,2,2010,21.6,Valor
Belém,deslocamento__trabalha_em_outro_municipio,Trabalha em outro município,deslocamento,Grupo 3 — 2 censos,2,2022,25.8,Valor
Belém,deslocamento__motocicleta,Motocicleta,deslocamento,Grupo 3 — 2 censos,2,2010,8.2,Valor
Belém,deslocamento__motocicleta,Motocicleta,deslocamento,Grupo 3 — 2 censos,2,2022,12.4,Valor
Belém,deslocamento__bicicleta,Bicicleta,deslocamento,Grupo 3 — 2 censos,2,2010,6.4,Valor
Belém,deslocamento__bicicleta,Bicicleta,deslocamento,Grupo 3 — 2 censos,2,2022,4.1,Valor
Belém,deslocamento__automovel_carro,Automóvel (Carro),deslocamento,Grupo 3 — 2 censos,2,2010,24.5,Valor
Belém,deslocamento__automovel_carro,Automóvel (Carro),deslocamento,Grupo 3 — 2 censos,2,2022,29.8,Valor
Belém,deslocamento__a_pe,A pé,deslocamento,Grupo 3 — 2 censos,2,2010,14.8,Valor
Belém,deslocamento__a_pe,A pé,deslocamento,Grupo 3 — 2 censos,2,2022,12.2,Valor
Belém,deslocamento__onibus,Ônibus,deslocamento,Grupo 3 — 2 censos,2,2010,46.1,Valor
Belém,deslocamento__onibus,Ônibus,deslocamento,Grupo 3 — 2 censos,2,2022,41.5,Valor
Belém,deslocamento__ate_30_minutos_trajeto_rapido,Até 30 minutos (Trajeto rápido),deslocamento,Grupo 3 — 2 censos,2,2010,32.4,Valor
Belém,deslocamento__ate_30_minutos_trajeto_rapido,Até 30 minutos (Trajeto rápido),deslocamento,Grupo 3 — 2 censos,2,2022,26.8,Valor
Belém,deslocamento__de_31_minutos_a_1_hora,De 31 minutos a 1 hora,deslocamento,Grupo 3 — 2 censos,2,2010,44.2,Valor
Belém,deslocamento__de_31_minutos_a_1_hora,De 31 minutos a 1 hora,deslocamento,Grupo 3 — 2 censos,2,2022,45.1,Valor
Belém,deslocamento__mais_de_1_hora,Mais de 1 hora,deslocamento,Grupo 3 — 2 censos,2,2010,23.4,Valor
Belém,deslocamento__mais_de_1_hora,Mais de 1 hora,deslocamento,Grupo 3 — 2 censos,2,2022,28.1,Valor
Belém,deslocamento__estuda_no_proprio_municipio_belem,Estuda no próprio município (Belém),deslocamento,Grupo 3 — 2 censos,2,2010,88.4,Valor
Belém,deslocamento__estuda_no_proprio_municipio_belem,Estuda no próprio município (Belém),deslocamento,Grupo 3 — 2 censos,2,2022,85.2,Valor
Belém,deslocamento__estuda_em_outro_municipio,Estuda em outro município,deslocamento,Grupo 3 — 2 censos,2,2010,11.6,Valor
Belém,deslocamento__estuda_em_outro_municipio,Estuda em outro município,deslocamento,Grupo 3 — 2 censos,2,2022,14.8,Valor
Belém,domicilios__total_de_domicilios_recenseados,Total de Domicílios Recenseados,domicilios,Grupo 1 — 4 censos,4,1991,268.42,Valor
Belém,domicilios__total_de_domicilios_recenseados,Total de Domicílios Recenseados,domicilios,Grupo 1 — 4 censos,4,2000,324.15,Valor
Belém,domicilios__total_de_domicilios_recenseados,Total de Domicílios Recenseados,domicilios,Grupo 1 — 4 censos,4,2010,412.81,Valor
Belém,domicilios__total_de_domicilios_recenseados,Total de Domicílios Recenseados,domicilios,Grupo 1 — 4 censos,4,2022,512.42,Valor
Belém,domicilios__domicilios_particulares_permanentes,Domicílios Particulares Permanentes,domicilios,Grupo 1 — 4 censos,4,1991,266.91,Valor
Belém,domicilios__domicilios_particulares_permanentes,Domicílios Particulares Permanentes,domicilios,Grupo 1 — 4 censos,4,2000,322.42,Valor
Belém,domicilios__domicilios_particulares_permanentes,Domicílios Particulares Permanentes,domicilios,Grupo 1 — 4 censos,4,2010,410.25,Valor
Belém,domicilios__domicilios_particulares_permanentes,Domicílios Particulares Permanentes,domicilios,Grupo 1 — 4 censos,4,2022,510.82,Valor
Belém,domicilios__domicilios_coletivos_hoteis_abrigos_etc,Domicílios Coletivos (Hotéis abrigos etc.),domicilios,Grupo 1 — 4 censos,4,1991,1.51,Valor
Belém,domicilios__domicilios_coletivos_hoteis_abrigos_etc,Domicílios Coletivos (Hotéis abrigos etc.),domicilios,Grupo 1 — 4 censos,4,2000,1.73,Valor
Belém,domicilios__domicilios_coletivos_hoteis_abrigos_etc,Domicílios Coletivos (Hotéis abrigos etc.),domicilios,Grupo 1 — 4 censos,4,2010,2.56,Valor
Belém,domicilios__domicilios_coletivos_hoteis_abrigos_etc,Domicílios Coletivos (Hotéis abrigos etc.),domicilios,Grupo 1 — 4 censos,4,2022,1.6,Valor
Belém,domicilios__media_de_moradores_por_domicilio,Média de Moradores por Domicílio,domicilios,Grupo 1 — 4 censos,4,1991,4.8,Valor
Belém,domicilios__media_de_moradores_por_domicilio,Média de Moradores por Domicílio,domicilios,Grupo 1 — 4 censos,4,2000,3.9,Valor
Belém,domicilios__media_de_moradores_por_domicilio,Média de Moradores por Domicílio,domicilios,Grupo 1 — 4 censos,4,2010,3.3,Valor
Belém,domicilios__media_de_moradores_por_domicilio,Média de Moradores por Domicílio,domicilios,Grupo 1 — 4 censos,4,2022,2.6,Valor
Belém,educacao__taxa_de_alfabetizacao_geral,Taxa de Alfabetização (Geral),educacao,Grupo 1 — 4 censos,4,1991,87.2,Valor
Belém,educacao__taxa_de_alfabetizacao_geral,Taxa de Alfabetização (Geral),educacao,Grupo 1 — 4 censos,4,2000,93.4,Valor
Belém,educacao__taxa_de_alfabetizacao_geral,Taxa de Alfabetização (Geral),educacao,Grupo 1 — 4 censos,4,2010,96.8,Valor
Belém,educacao__taxa_de_alfabetizacao_geral,Taxa de Alfabetização (Geral),educacao,Grupo 1 — 4 censos,4,2022,98.1,Valor
Belém,educacao__taxa_de_alfabetizacao_jovens_15_a_19_anos,Taxa de Alfabetização: Jovens (15 a 19 anos),educacao,Grupo 2 — 3 censos,3,2000,97.4,Valor
Belém,educacao__taxa_de_alfabetizacao_jovens_15_a_19_anos,Taxa de Alfabetização: Jovens (15 a 19 anos),educacao,Grupo 2 — 3 censos,3,2010,99.1,Valor
Belém,educacao__taxa_de_alfabetizacao_jovens_15_a_19_anos,Taxa de Alfabetização: Jovens (15 a 19 anos),educacao,Grupo 2 — 3 censos,3,2022,99.5,Valor
Belém,educacao__taxa_de_alfabetizacao_idosos_80_anos_ou_mais,Taxa de Alfabetização: Idosos (80 anos ou mais),educacao,Grupo 2 — 3 censos,3,2000,55.2,Valor
Belém,educacao__taxa_de_alfabetizacao_idosos_80_anos_ou_mais,Taxa de Alfabetização: Idosos (80 anos ou mais),educacao,Grupo 2 — 3 censos,3,2010,68.4,Valor
Belém,educacao__taxa_de_alfabetizacao_idosos_80_anos_ou_mais,Taxa de Alfabetização: Idosos (80 anos ou mais),educacao,Grupo 2 — 3 censos,3,2022,81.2,Valor
Belém,educacao__taxa_de_escolarizacao_6_a_14_anos,Taxa de Escolarização (6 a 14 anos),educacao,Grupo 2 — 3 censos,3,2000,94.8,Valor
Belém,educacao__taxa_de_escolarizacao_6_a_14_anos,Taxa de Escolarização (6 a 14 anos),educacao,Grupo 2 — 3 censos,3,2010,98.2,Valor
Belém,educacao__taxa_de_escolarizacao_6_a_14_anos,Taxa de Escolarização (6 a 14 anos),educacao,Grupo 2 — 3 censos,3,2022,98.6,Valor
Belém,educacao__populacao_com_superior_completo,População com Superior Completo,educacao,Grupo 2 — 3 censos,3,2000,88.4,Valor
Belém,educacao__populacao_com_superior_completo,População com Superior Completo,educacao,Grupo 2 — 3 censos,3,2010,142.1,Valor
Belém,educacao__populacao_com_superior_completo,População com Superior Completo,educacao,Grupo 2 — 3 censos,3,2022,215.4,Valor
Belém,educacao__anos_de_estudo_media,Anos de Estudo (Média),educacao,Grupo 1 — 4 censos,4,1991,6.2,Valor
Belém,educacao__anos_de_estudo_media,Anos de Estudo (Média),educacao,Grupo 1 — 4 censos,4,2000,7.9,Valor
Belém,educacao__anos_de_estudo_media,Anos de Estudo (Média),educacao,Grupo 1 — 4 censos,4,2010,9.8,Valor
Belém,educacao__anos_de_estudo_media,Anos de Estudo (Média),educacao,Grupo 1 — 4 censos,4,2022,11.2,Valor
Belém,educacao__media_de_anos_de_estudo_mulheres,Média de Anos de Estudo: Mulheres,educacao,Grupo 1 — 4 censos,4,1991,6.4,Valor
Belém,educacao__media_de_anos_de_estudo_mulheres,Média de Anos de Estudo: Mulheres,educacao,Grupo 1 — 4 censos,4,2000,8.2,Valor
Belém,educacao__media_de_anos_de_estudo_mulheres,Média de Anos de Estudo: Mulheres,educacao,Grupo 1 — 4 censos,4,2010,10.2,Valor
Belém,educacao__media_de_anos_de_estudo_mulheres,Média de Anos de Estudo: Mulheres,educacao,Grupo 1 — 4 censos,4,2022,11.6,Valor
Belém,educacao__media_de_anos_de_estudo_homens,Média de Anos de Estudo: Homens,educacao,Grupo 1 — 4 censos,4,1991,6.0,Valor
Belém,educacao__media_de_anos_de_estudo_homens,Média de Anos de Estudo: Homens,educacao,Grupo 1 — 4 censos,4,2000,7.5,Valor
Belém,educacao__media_de_anos_de_estudo_homens,Média de Anos de Estudo: Homens,educacao,Grupo 1 — 4 censos,4,2010,9.3,Valor
Belém,educacao__media_de_anos_de_estudo_homens,Média de Anos de Estudo: Homens,educacao,Grupo 1 — 4 censos,4,2022,10.7,Valor
Belém,educacao__idhm_educacao_indice_de_desenv_humano,IDHM Educação (Índice de Desenv. Humano),educacao,Grupo 2 — 3 censos,3,1991,0.542,Valor
Belém,educacao__idhm_educacao_indice_de_desenv_humano,IDHM Educação (Índice de Desenv. Humano),educacao,Grupo 2 — 3 censos,3,2000,0.685,Valor
Belém,educacao__idhm_educacao_indice_de_desenv_humano,IDHM Educação (Índice de Desenv. Humano),educacao,Grupo 2 — 3 censos,3,2010,0.782,Valor
Belém,educacao__frequencia_escolar_criancas_6_a_14_anos,Frequência Escolar: Crianças (6 a 14 anos),educacao,Grupo 2 — 3 censos,3,2000,94.8,Valor
Belém,educacao__frequencia_escolar_criancas_6_a_14_anos,Frequência Escolar: Crianças (6 a 14 anos),educacao,Grupo 2 — 3 censos,3,2010,98.2,Valor
Belém,educacao__frequencia_escolar_criancas_6_a_14_anos,Frequência Escolar: Crianças (6 a 14 anos),educacao,Grupo 2 — 3 censos,3,2022,98.6,Valor
Belém,educacao__frequencia_escolar_jovens_15_a_17_anos,Frequência Escolar: Jovens (15 a 17 anos),educacao,Grupo 2 — 3 censos,3,2000,78.4,Valor
Belém,educacao__frequencia_escolar_jovens_15_a_17_anos,Frequência Escolar: Jovens (15 a 17 anos),educacao,Grupo 2 — 3 censos,3,2010,86.2,Valor
Belém,educacao__frequencia_escolar_jovens_15_a_17_anos,Frequência Escolar: Jovens (15 a 17 anos),educacao,Grupo 2 — 3 censos,3,2022,89.8,Valor
Belém,educacao__frequencia_escolar_jovens_18_a_24_anos,Frequência Escolar: Jovens (18 a 24 anos),educacao,Grupo 2 — 3 censos,3,2000,35.2,Valor
Belém,educacao__frequencia_escolar_jovens_18_a_24_anos,Frequência Escolar: Jovens (18 a 24 anos),educacao,Grupo 2 — 3 censos,3,2010,39.8,Valor
Belém,educacao__frequencia_escolar_jovens_18_a_24_anos,Frequência Escolar: Jovens (18 a 24 anos),educacao,Grupo 2 — 3 censos,3,2022,36.8,Valor
Belém,educacao__media_populacao_amarela,Média: População Amarela,educacao,Grupo 2 — 3 censos,3,2000,8.9,Valor
Belém,educacao__media_populacao_amarela,Média: População Amarela,educacao,Grupo 2 — 3 censos,3,2010,11.0,Valor
Belém,educacao__media_populacao_amarela,Média: População Amarela,educacao,Grupo 2 — 3 censos,3,2022,12.4,Valor
Belém,educacao__media_populacao_branca,Média: População Branca,educacao,Grupo 2 — 3 censos,3,2000,8.6,Valor
Belém,educacao__media_populacao_branca,Média: População Branca,educacao,Grupo 2 — 3 censos,3,2010,10.6,Valor
Belém,educacao__media_populacao_branca,Média: População Branca,educacao,Grupo 2 — 3 censos,3,2022,12.0,Valor
Belém,educacao__media_populacao_preta_parda,Média: População Preta / Parda,educacao,Grupo 2 — 3 censos,3,2000,7.4,Valor
Belém,educacao__media_populacao_preta_parda,Média: População Preta / Parda,educacao,Grupo 2 — 3 censos,3,2010,9.2,Valor
Belém,educacao__media_populacao_preta_parda,Média: População Preta / Parda,educacao,Grupo 2 — 3 censos,3,2022,10.8,Valor
Belém,educacao__media_populacao_indigena,Média: População Indígena,educacao,Grupo 2 — 3 censos,3,2000,5.8,Valor
Belém,educacao__media_populacao_indigena,Média: População Indígena,educacao,Grupo 2 — 3 censos,3,2010,7.4,Valor
Belém,educacao__media_populacao_indigena,Média: População Indígena,educacao,Grupo 2 — 3 censos,3,2022,9.2,Valor
Belém,familiasenupcialidade__familia_unica_apenas_1_nucleo_familiar_na_cas,Família Única (apenas 1 núcleo familiar na casa),familiasenupcialidade,Grupo 3 — 2 censos,2,2010,81.2,Valor
Belém,familiasenupcialidade__familia_unica_apenas_1_nucleo_familiar_na_cas,Família Única (apenas 1 núcleo familiar na casa),familiasenupcialidade,Grupo 3 — 2 censos,2,2022,85.8,Valor
Belém,familiasenupcialidade__familia_convivente_2_ou_mais_familias_partilh,Família Convivente (2 ou mais famílias partilham a casa),familiasenupcialidade,Grupo 3 — 2 censos,2,2010,18.8,Valor
Belém,familiasenupcialidade__familia_convivente_2_ou_mais_familias_partilh,Família Convivente (2 ou mais famílias partilham a casa),familiasenupcialidade,Grupo 3 — 2 censos,2,2022,14.2,Valor
Belém,familiasenupcialidade__casais_com_filhos,Casais com filhos,familiasenupcialidade,Grupo 2 — 3 censos,3,2000,52.1,Valor
Belém,familiasenupcialidade__casais_com_filhos,Casais com filhos,familiasenupcialidade,Grupo 2 — 3 censos,3,2010,43.2,Valor
Belém,familiasenupcialidade__casais_com_filhos,Casais com filhos,familiasenupcialidade,Grupo 2 — 3 censos,3,2022,35.2,Valor
Belém,familiasenupcialidade__casais_sem_filhos,Casais sem filhos,familiasenupcialidade,Grupo 2 — 3 censos,3,2000,11.2,Valor
Belém,familiasenupcialidade__casais_sem_filhos,Casais sem filhos,familiasenupcialidade,Grupo 2 — 3 censos,3,2010,14.5,Valor
Belém,familiasenupcialidade__casais_sem_filhos,Casais sem filhos,familiasenupcialidade,Grupo 2 — 3 censos,3,2022,18.2,Valor
Belém,familiasenupcialidade__maes_solo_mulheres_sem_conjuge_com_filhos,Mães solo (Mulheres sem cônjuge com filhos),familiasenupcialidade,Grupo 2 — 3 censos,3,2000,20.4,Valor
Belém,familiasenupcialidade__maes_solo_mulheres_sem_conjuge_com_filhos,Mães solo (Mulheres sem cônjuge com filhos),familiasenupcialidade,Grupo 2 — 3 censos,3,2010,23.8,Valor
Belém,familiasenupcialidade__maes_solo_mulheres_sem_conjuge_com_filhos,Mães solo (Mulheres sem cônjuge com filhos),familiasenupcialidade,Grupo 2 — 3 censos,3,2022,27.1,Valor
Belém,familiasenupcialidade__pais_solo_homens_sem_conjuge_com_filhos,Pais solo (Homens sem cônjuge com filhos),familiasenupcialidade,Grupo 2 — 3 censos,3,2000,2.6,Valor
Belém,familiasenupcialidade__pais_solo_homens_sem_conjuge_com_filhos,Pais solo (Homens sem cônjuge com filhos),familiasenupcialidade,Grupo 2 — 3 censos,3,2010,3.0,Valor
Belém,familiasenupcialidade__pais_solo_homens_sem_conjuge_com_filhos,Pais solo (Homens sem cônjuge com filhos),familiasenupcialidade,Grupo 2 — 3 censos,3,2022,3.4,Valor
Belém,familiasenupcialidade__casais_com_filhos_vivendo_com_outros_parentes,Casais com filhos vivendo com outros parentes,familiasenupcialidade,Grupo 2 — 3 censos,3,2000,7.8,Valor
Belém,familiasenupcialidade__casais_com_filhos_vivendo_com_outros_parentes,Casais com filhos vivendo com outros parentes,familiasenupcialidade,Grupo 2 — 3 censos,3,2010,8.2,Valor
Belém,familiasenupcialidade__casais_com_filhos_vivendo_com_outros_parentes,Casais com filhos vivendo com outros parentes,familiasenupcialidade,Grupo 2 — 3 censos,3,2022,6.2,Valor
Belém,familiasenupcialidade__maes_solo_vivendo_com_outros_parentes,Mães solo vivendo com outros parentes,familiasenupcialidade,Grupo 2 — 3 censos,3,2000,4.8,Valor
Belém,familiasenupcialidade__maes_solo_vivendo_com_outros_parentes,Mães solo vivendo com outros parentes,familiasenupcialidade,Grupo 2 — 3 censos,3,2010,5.6,Valor
Belém,familiasenupcialidade__maes_solo_vivendo_com_outros_parentes,Mães solo vivendo com outros parentes,familiasenupcialidade,Grupo 2 — 3 censos,3,2022,5.1,Valor
Belém,familiasenupcialidade__pais_solo_vivendo_com_outros_parentes,Pais solo vivendo com outros parentes,familiasenupcialidade,Grupo 2 — 3 censos,3,2000,1.1,Valor
Belém,familiasenupcialidade__pais_solo_vivendo_com_outros_parentes,Pais solo vivendo com outros parentes,familiasenupcialidade,Grupo 2 — 3 censos,3,2010,1.7,Valor
Belém,familiasenupcialidade__pais_solo_vivendo_com_outros_parentes,Pais solo vivendo com outros parentes,familiasenupcialidade,Grupo 2 — 3 censos,3,2022,1.0,Valor
Belém,favelasecomunidade__numero_de_favelas_comunidades,Número de Favelas / Comunidades,favelasecomunidade,Grupo 3 — 2 censos,2,2010,112.0,Valor
Belém,favelasecomunidade__numero_de_favelas_comunidades,Número de Favelas / Comunidades,favelasecomunidade,Grupo 3 — 2 censos,2,2022,184.0,Valor
Belém,favelasecomunidade__populacao_residente_em_favelas,População Residente em Favelas,favelasecomunidade,Grupo 3 — 2 censos,2,2010,382.41,Valor
Belém,favelasecomunidade__populacao_residente_em_favelas,População Residente em Favelas,favelasecomunidade,Grupo 3 — 2 censos,2,2022,388.91,Valor
Belém,favelasecomunidade__total_de_domicilios_em_favelas,Total de Domicílios em Favelas,favelasecomunidade,Grupo 3 — 2 censos,2,2010,92.15,Valor
Belém,favelasecomunidade__total_de_domicilios_em_favelas,Total de Domicílios em Favelas,favelasecomunidade,Grupo 3 — 2 censos,2,2022,118.42,Valor
Belém,favelasecomunidade__idade_mediana,Idade Mediana,favelasecomunidade,Grupo 3 — 2 censos,2,2010,26.0,Valor
Belém,favelasecomunidade__idade_mediana,Idade Mediana,favelasecomunidade,Grupo 3 — 2 censos,2,2022,33.0,Valor
Belém,favelasecomunidade__indice_de_envelhecimento_60_por_100_ate_14_an,Índice de Envelhecimento (60+ por 100 até 14 anos),favelasecomunidade,Grupo 3 — 2 censos,2,2010,21.2,Valor
Belém,favelasecomunidade__indice_de_envelhecimento_60_por_100_ate_14_an,Índice de Envelhecimento (60+ por 100 até 14 anos),favelasecomunidade,Grupo 3 — 2 censos,2,2022,42.5,Valor
Belém,favelasecomunidade__razao_de_sexo_homens_por_100_mulheres,Razão de Sexo (homens por 100 mulheres),favelasecomunidade,Grupo 3 — 2 censos,2,2010,89.4,Valor
Belém,favelasecomunidade__razao_de_sexo_homens_por_100_mulheres,Razão de Sexo (homens por 100 mulheres),favelasecomunidade,Grupo 3 — 2 censos,2,2022,88.2,Valor
Belém,favelasecomunidade__taxa_de_alfabetizacao,Taxa de Alfabetização,favelasecomunidade,Grupo 3 — 2 censos,2,2010,94.5,Valor
Belém,favelasecomunidade__taxa_de_alfabetizacao,Taxa de Alfabetização,favelasecomunidade,Grupo 3 — 2 censos,2,2022,96.8,Valor
Belém,favelasecomunidade__populacao_parda,População Parda,favelasecomunidade,Grupo 3 — 2 censos,2,2010,268.4,Valor
Belém,favelasecomunidade__populacao_parda,População Parda,favelasecomunidade,Grupo 3 — 2 censos,2,2022,272.15,Valor
Belém,favelasecomunidade__populacao_branca,População Branca,favelasecomunidade,Grupo 3 — 2 censos,2,2010,74.12,Valor
Belém,favelasecomunidade__populacao_branca,População Branca,favelasecomunidade,Grupo 3 — 2 censos,2,2022,68.42,Valor
Belém,favelasecomunidade__populacao_preta,População Preta,favelasecomunidade,Grupo 3 — 2 censos,2,2010,38.2,Valor
Belém,favelasecomunidade__populacao_preta,População Preta,favelasecomunidade,Grupo 3 — 2 censos,2,2022,46.81,Valor
Belém,favelasecomunidade__populacao_amarela,População Amarela,favelasecomunidade,Grupo 3 — 2 censos,2,2010,1.12,Valor
Belém,favelasecomunidade__populacao_amarela,População Amarela,favelasecomunidade,Grupo 3 — 2 censos,2,2022,890.0,Valor
Belém,favelasecomunidade__populacao_indigena,População Indígena,favelasecomunidade,Grupo 3 — 2 censos,2,2010,570.0,Valor
Belém,favelasecomunidade__populacao_indigena,População Indígena,favelasecomunidade,Grupo 3 — 2 censos,2,2022,640.0,Valor
Belém,favelasecomunidade__com_banheiro_de_uso_exclusivo,Com Banheiro de uso exclusivo,favelasecomunidade,Grupo 3 — 2 censos,2,2010,86.4,Valor
Belém,favelasecomunidade__com_banheiro_de_uso_exclusivo,Com Banheiro de uso exclusivo,favelasecomunidade,Grupo 3 — 2 censos,2,2022,92.8,Valor
Belém,favelasecomunidade__com_coleta_de_lixo,Com Coleta de Lixo,favelasecomunidade,Grupo 3 — 2 censos,2,2010,91.2,Valor
Belém,favelasecomunidade__com_coleta_de_lixo,Com Coleta de Lixo,favelasecomunidade,Grupo 3 — 2 censos,2,2022,94.5,Valor
Belém,favelasecomunidade__agua_canalizada_ate_dentro_da_habitacao,Água canalizada até dentro da habitação,favelasecomunidade,Grupo 3 — 2 censos,2,2010,76.8,Valor
Belém,favelasecomunidade__agua_canalizada_ate_dentro_da_habitacao,Água canalizada até dentro da habitação,favelasecomunidade,Grupo 3 — 2 censos,2,2022,84.2,Valor
Belém,favelasecomunidade__abastecimento_de_agua_pela_rede_geral,Abastecimento de água pela rede geral,favelasecomunidade,Grupo 3 — 2 censos,2,2010,72.1,Valor
Belém,favelasecomunidade__abastecimento_de_agua_pela_rede_geral,Abastecimento de água pela rede geral,favelasecomunidade,Grupo 3 — 2 censos,2,2022,78.4,Valor
Belém,favelasecomunidade__conexao_a_rede_de_esgoto,Conexão à rede de esgoto,favelasecomunidade,Grupo 3 — 2 censos,2,2010,22.4,Valor
Belém,favelasecomunidade__conexao_a_rede_de_esgoto,Conexão à rede de esgoto,favelasecomunidade,Grupo 3 — 2 censos,2,2022,32.8,Valor
Belém,favelasecomunidade__ruas_com_iluminacao_publica,Ruas com Iluminação Pública,favelasecomunidade,Grupo 3 — 2 censos,2,2010,85.2,Valor
Belém,favelasecomunidade__ruas_com_iluminacao_publica,Ruas com Iluminação Pública,favelasecomunidade,Grupo 3 — 2 censos,2,2022,91.2,Valor
Belém,favelasecomunidade__vias_pavimentadas_asfalto_calcamento,Vias Pavimentadas (Asfalto/Calçamento),favelasecomunidade,Grupo 3 — 2 censos,2,2010,48.2,Valor
Belém,favelasecomunidade__vias_pavimentadas_asfalto_calcamento,Vias Pavimentadas (Asfalto/Calçamento),favelasecomunidade,Grupo 3 — 2 censos,2,2022,61.4,Valor
Belém,favelasecomunidade__ruas_com_bueiro_ou_boca_de_lobo,Ruas com Bueiro ou Boca de Lobo,favelasecomunidade,Grupo 3 — 2 censos,2,2010,32.4,Valor
Belém,favelasecomunidade__ruas_com_bueiro_ou_boca_de_lobo,Ruas com Bueiro ou Boca de Lobo,favelasecomunidade,Grupo 3 — 2 censos,2,2022,41.2,Valor
Belém,favelasecomunidade__ruas_com_rampa_para_cadeirantes,Ruas com Rampa para Cadeirantes,favelasecomunidade,Grupo 3 — 2 censos,2,2010,2.8,Valor
Belém,favelasecomunidade__ruas_com_rampa_para_cadeirantes,Ruas com Rampa para Cadeirantes,favelasecomunidade,Grupo 3 — 2 censos,2,2022,5.4,Valor
Belém,indigenas__populacao_indigena_total,População Indígena Total,indigenas,Grupo 2 — 3 censos,3,2000,2.12,Valor
Belém,indigenas__populacao_indigena_total,População Indígena Total,indigenas,Grupo 2 — 3 censos,3,2010,2.13,Valor
Belém,indigenas__populacao_indigena_total,População Indígena Total,indigenas,Grupo 2 — 3 censos,3,2022,4.398,Valor
Belém,indigenas__proporcao_na_populacao_de_belem,Proporção na população de Belém,indigenas,Grupo 2 — 3 censos,3,2000,0.16,Valor
Belém,indigenas__proporcao_na_populacao_de_belem,Proporção na população de Belém,indigenas,Grupo 2 — 3 censos,3,2010,0.15,Valor
Belém,indigenas__proporcao_na_populacao_de_belem,Proporção na população de Belém,indigenas,Grupo 2 — 3 censos,3,2022,0.34,Valor
Belém,populacao__populacao_total,População Total,populacao,Grupo 1 — 4 censos,4,1991,1244688.0,Valor
Belém,populacao__populacao_total,População Total,populacao,Grupo 1 — 4 censos,4,2000,1279757.0,Valor
Belém,populacao__populacao_total,População Total,populacao,Grupo 1 — 4 censos,4,2010,1393399.0,Valor
Belém,populacao__populacao_total,População Total,populacao,Grupo 1 — 4 censos,4,2022,1303389.0,Valor
Belém,populacao__populacao_urbana,População Urbana,populacao,Grupo 2 — 3 censos,3,2000,1272354.0,Valor
Belém,populacao__populacao_urbana,População Urbana,populacao,Grupo 2 — 3 censos,3,2010,1381475.0,Valor
Belém,populacao__populacao_urbana,População Urbana,populacao,Grupo 2 — 3 censos,3,2022,1298420.0,Valor
Belém,populacao__populacao_rural,População Rural,populacao,Grupo 2 — 3 censos,3,2000,7.403,Valor
Belém,populacao__populacao_rural,População Rural,populacao,Grupo 2 — 3 censos,3,2010,1.002,Valor
Belém,populacao__populacao_rural,População Rural,populacao,Grupo 2 — 3 censos,3,2022,5.132,Valor
Belém,populacao__pop_em_favelas_comunidades_urbanas,Pop. em Favelas / Comunidades Urbanas,populacao,Grupo 3 — 2 censos,2,2010,382.41,Valor
Belém,populacao__pop_em_favelas_comunidades_urbanas,Pop. em Favelas / Comunidades Urbanas,populacao,Grupo 3 — 2 censos,2,2022,388.91,Valor
Belém,populacao__populacao_de_mulheres,População de Mulheres,populacao,Grupo 2 — 3 censos,3,2000,678.912,Valor
Belém,populacao__populacao_de_mulheres,População de Mulheres,populacao,Grupo 2 — 3 censos,3,2010,735.12,Valor
Belém,populacao__populacao_de_mulheres,População de Mulheres,populacao,Grupo 2 — 3 censos,3,2022,692.626,Valor
Belém,populacao__populacao_de_homens,População de Homens,populacao,Grupo 2 — 3 censos,3,2000,600.845,Valor
Belém,populacao__populacao_de_homens,População de Homens,populacao,Grupo 2 — 3 censos,3,2010,647.357,Valor
Belém,populacao__populacao_de_homens,População de Homens,populacao,Grupo 2 — 3 censos,3,2022,610.777,Valor
Belém,populacao__razao_de_sexo_homens_100_mulheres,Razão de Sexo (homens/100 mulheres),populacao,Grupo 2 — 3 censos,3,2000,88.5,Valor
Belém,populacao__razao_de_sexo_homens_100_mulheres,Razão de Sexo (homens/100 mulheres),populacao,Grupo 2 — 3 censos,3,2010,88.1,Valor
Belém,populacao__razao_de_sexo_homens_100_mulheres,Razão de Sexo (homens/100 mulheres),populacao,Grupo 2 — 3 censos,3,2022,86.6,Valor
Belém,populacao__idade_mediana,Idade Mediana,populacao,Grupo 2 — 3 censos,3,2000,25.0,Valor
Belém,populacao__idade_mediana,Idade Mediana,populacao,Grupo 2 — 3 censos,3,2010,30.0,Valor
Belém,populacao__idade_mediana,Idade Mediana,populacao,Grupo 2 — 3 censos,3,2022,37.0,Valor
Belém,populacao__indice_de_envelhecimento_60,Índice de Envelhecimento (60+),populacao,Grupo 2 — 3 censos,3,2000,18.2,Valor
Belém,populacao__indice_de_envelhecimento_60,Índice de Envelhecimento (60+),populacao,Grupo 2 — 3 censos,3,2010,36.4,Valor
Belém,populacao__indice_de_envelhecimento_60,Índice de Envelhecimento (60+),populacao,Grupo 2 — 3 censos,3,2022,74.5,Valor
Belém,populacao__populacao_parda,População Parda,populacao,Grupo 2 — 3 censos,3,2000,812.4,Valor
Belém,populacao__populacao_parda,População Parda,populacao,Grupo 2 — 3 censos,3,2010,885.12,Valor
Belém,populacao__populacao_parda,População Parda,populacao,Grupo 2 — 3 censos,3,2022,812.95,Valor
Belém,populacao__populacao_branca,População Branca,populacao,Grupo 2 — 3 censos,3,2000,385.2,Valor
Belém,populacao__populacao_branca,População Branca,populacao,Grupo 2 — 3 censos,3,2010,382.14,Valor
Belém,populacao__populacao_branca,População Branca,populacao,Grupo 2 — 3 censos,3,2022,342.15,Valor
Belém,populacao__populacao_preta,População Preta,populacao,Grupo 2 — 3 censos,3,2000,72.15,Valor
Belém,populacao__populacao_preta,População Preta,populacao,Grupo 2 — 3 censos,3,2010,108.21,Valor
Belém,populacao__populacao_preta,População Preta,populacao,Grupo 2 — 3 censos,3,2022,141.25,Valor
Belém,populacao__populacao_amarela,População Amarela,populacao,Grupo 2 — 3 censos,3,2000,5.21,Valor
Belém,populacao__populacao_amarela,População Amarela,populacao,Grupo 2 — 3 censos,3,2010,12.84,Valor
Belém,populacao__populacao_amarela,População Amarela,populacao,Grupo 2 — 3 censos,3,2022,2.81,Valor
Belém,populacao__populacao_indigena,População Indígena,populacao,Grupo 2 — 3 censos,3,2000,2.12,Valor
Belém,populacao__populacao_indigena,População Indígena,populacao,Grupo 2 — 3 censos,3,2010,2.13,Valor
Belém,populacao__populacao_indigena,População Indígena,populacao,Grupo 2 — 3 censos,3,2022,4.398,Valor
Belém,trabalhoerendimento__rendimento_domiciliar_mensal_per_capita,Rendimento domiciliar mensal per capita,trabalhoerendimento,Grupo 2 — 3 censos,3,2000,512.8,Valor
Belém,trabalhoerendimento__rendimento_domiciliar_mensal_per_capita,Rendimento domiciliar mensal per capita,trabalhoerendimento,Grupo 2 — 3 censos,3,2010,892.4,Valor
Belém,trabalhoerendimento__rendimento_domiciliar_mensal_per_capita,Rendimento domiciliar mensal per capita,trabalhoerendimento,Grupo 2 — 3 censos,3,2022,1540.0,Valor
Belém,trabalhoerendimento__apenas_1_trabalho,Apenas 1 trabalho,trabalhoerendimento,Grupo 2 — 3 censos,3,2000,93.8,Valor
Belém,trabalhoerendimento__apenas_1_trabalho,Apenas 1 trabalho,trabalhoerendimento,Grupo 2 — 3 censos,3,2010,94.8,Valor
Belém,trabalhoerendimento__apenas_1_trabalho,Apenas 1 trabalho,trabalhoerendimento,Grupo 2 — 3 censos,3,2022,92.8,Valor
Belém,trabalhoerendimento__2_trabalhos,2 trabalhos,trabalhoerendimento,Grupo 2 — 3 censos,3,2000,5.4,Valor
Belém,trabalhoerendimento__2_trabalhos,2 trabalhos,trabalhoerendimento,Grupo 2 — 3 censos,3,2010,4.5,Valor
Belém,trabalhoerendimento__2_trabalhos,2 trabalhos,trabalhoerendimento,Grupo 2 — 3 censos,3,2022,6.2,Valor
Belém,trabalhoerendimento__3_ou_mais_trabalhos,3 ou mais trabalhos,trabalhoerendimento,Grupo 2 — 3 censos,3,2000,0.8,Valor
Belém,trabalhoerendimento__3_ou_mais_trabalhos,3 ou mais trabalhos,trabalhoerendimento,Grupo 2 — 3 censos,3,2010,0.7,Valor
Belém,trabalhoerendimento__3_ou_mais_trabalhos,3 ou mais trabalhos,trabalhoerendimento,Grupo 2 — 3 censos,3,2022,1.0,Valor
Belém,trabalhoerendimento__setor_privado,Setor privado,trabalhoerendimento,Grupo 2 — 3 censos,3,2000,182.41,Valor
Belém,trabalhoerendimento__setor_privado,Setor privado,trabalhoerendimento,Grupo 2 — 3 censos,3,2010,248.91,Valor
Belém,trabalhoerendimento__setor_privado,Setor privado,trabalhoerendimento,Grupo 2 — 3 censos,3,2022,298.45,Valor
Belém,trabalhoerendimento__conta_propria,Conta própria,trabalhoerendimento,Grupo 2 — 3 censos,3,2000,98.12,Valor
Belém,trabalhoerendimento__conta_propria,Conta própria,trabalhoerendimento,Grupo 2 — 3 censos,3,2010,128.25,Valor
Belém,trabalhoerendimento__conta_propria,Conta própria,trabalhoerendimento,Grupo 2 — 3 censos,3,2022,158.2,Valor
Belém,trabalhoerendimento__setor_publico,Setor público,trabalhoerendimento,Grupo 2 — 3 censos,3,2000,78.45,Valor
Belém,trabalhoerendimento__setor_publico,Setor público,trabalhoerendimento,Grupo 2 — 3 censos,3,2010,98.8,Valor
Belém,trabalhoerendimento__setor_publico,Setor público,trabalhoerendimento,Grupo 2 — 3 censos,3,2022,118.5,Valor
Belém,trabalhoerendimento__trabalhador_domestico,Trabalhador doméstico,trabalhoerendimento,Grupo 2 — 3 censos,3,2000,38.8,Valor
Belém,trabalhoerendimento__trabalhador_domestico,Trabalhador doméstico,trabalhoerendimento,Grupo 2 — 3 censos,3,2010,42.42,Valor
Belém,trabalhoerendimento__trabalhador_domestico,Trabalhador doméstico,trabalhoerendimento,Grupo 2 — 3 censos,3,2022,38.8,Valor
Belém,trabalhoerendimento__empregador,Empregador,trabalhoerendimento,Grupo 2 — 3 censos,3,2000,14.85,Valor
Belém,trabalhoerendimento__empregador,Empregador,trabalhoerendimento,Grupo 2 — 3 censos,3,2010,21.91,Valor
Belém,trabalhoerendimento__empregador,Empregador,trabalhoerendimento,Grupo 2 — 3 censos,3,2022,26.82,Valor
Belém,trabalhoerendimento__nao_remunerado_ajuda_a_parente,Não remunerado (ajuda a parente),trabalhoerendimento,Grupo 2 — 3 censos,3,2000,12.21,Valor
Belém,trabalhoerendimento__nao_remunerado_ajuda_a_parente,Não remunerado (ajuda a parente),trabalhoerendimento,Grupo 2 — 3 censos,3,2010,6.42,Valor
Belém,trabalhoerendimento__nao_remunerado_ajuda_a_parente,Não remunerado (ajuda a parente),trabalhoerendimento,Grupo 2 — 3 censos,3,2022,4.15,Valor
Belém,trabalhoerendimento__militar_e_empresa_estatal,Militar e Empresa Estatal,trabalhoerendimento,Grupo 2 — 3 censos,3,2000,12.12,Valor
Belém,trabalhoerendimento__militar_e_empresa_estatal,Militar e Empresa Estatal,trabalhoerendimento,Grupo 2 — 3 censos,3,2010,14.89,Valor
Belém,trabalhoerendimento__militar_e_empresa_estatal,Militar e Empresa Estatal,trabalhoerendimento,Grupo 2 — 3 censos,3,2022,15.12,Valor
Belém,trabalhoerendimento__setor_privado_com_carteira_assinada,Setor privado com carteira assinada,trabalhoerendimento,Grupo 2 — 3 censos,3,2000,112.5,Valor
Belém,trabalhoerendimento__setor_privado_com_carteira_assinada,Setor privado com carteira assinada,trabalhoerendimento,Grupo 2 — 3 censos,3,2010,162.91,Valor
Belém,trabalhoerendimento__setor_privado_com_carteira_assinada,Setor privado com carteira assinada,trabalhoerendimento,Grupo 2 — 3 censos,3,2022,202.2,Valor
Belém,trabalhoerendimento__setor_privado_sem_carteira_assinada,Setor privado sem carteira assinada,trabalhoerendimento,Grupo 2 — 3 censos,3,2000,69.91,Valor
Belém,trabalhoerendimento__setor_privado_sem_carteira_assinada,Setor privado sem carteira assinada,trabalhoerendimento,Grupo 2 — 3 censos,3,2010,86.0,Valor
Belém,trabalhoerendimento__setor_privado_sem_carteira_assinada,Setor privado sem carteira assinada,trabalhoerendimento,Grupo 2 — 3 censos,3,2022,96.25,Valor
Belém,trabalhoerendimento__setor_publico_com_carteira_assinada,Setor público com carteira assinada,trabalhoerendimento,Grupo 2 — 3 censos,3,2000,9.81,Valor
Belém,trabalhoerendimento__setor_publico_com_carteira_assinada,Setor público com carteira assinada,trabalhoerendimento,Grupo 2 — 3 censos,3,2010,12.95,Valor
Belém,trabalhoerendimento__setor_publico_com_carteira_assinada,Setor público com carteira assinada,trabalhoerendimento,Grupo 2 — 3 censos,3,2022,14.82,Valor
Belém,trabalhoerendimento__setor_publico_sem_carteira_estatutarios_outro,Setor público sem carteira (estatutários/outros),trabalhoerendimento,Grupo 2 — 3 censos,3,2000,68.64,Valor
Belém,trabalhoerendimento__setor_publico_sem_carteira_estatutarios_outro,Setor público sem carteira (estatutários/outros),trabalhoerendimento,Grupo 2 — 3 censos,3,2010,85.85,Valor
Belém,trabalhoerendimento__setor_publico_sem_carteira_estatutarios_outro,Setor público sem carteira (estatutários/outros),trabalhoerendimento,Grupo 2 — 3 censos,3,2022,103.68,Valor
Belém,trabalhoerendimento__trabalho_domestico_com_carteira_assinada,Trabalho doméstico com carteira assinada,trabalhoerendimento,Grupo 2 — 3 censos,3,2000,9.85,Valor
Belém,trabalhoerendimento__trabalho_domestico_com_carteira_assinada,Trabalho doméstico com carteira assinada,trabalhoerendimento,Grupo 2 — 3 censos,3,2010,12.21,Valor
Belém,trabalhoerendimento__trabalho_domestico_com_carteira_assinada,Trabalho doméstico com carteira assinada,trabalhoerendimento,Grupo 2 — 3 censos,3,2022,10.85,Valor
Belém,trabalhoerendimento__trabalho_domestico_sem_carteira_assinada,Trabalho doméstico sem carteira assinada,trabalhoerendimento,Grupo 2 — 3 censos,3,2000,28.95,Valor
Belém,trabalhoerendimento__trabalho_domestico_sem_carteira_assinada,Trabalho doméstico sem carteira assinada,trabalhoerendimento,Grupo 2 — 3 censos,3,2010,30.21,Valor
Belém,trabalhoerendimento__trabalho_domestico_sem_carteira_assinada,Trabalho doméstico sem carteira assinada,trabalhoerendimento,Grupo 2 — 3 censos,3,2022,27.95,Valor
